"Sex","A","B"
"B",1.18955344948428e-05,3.09149036312224
"F",1.19063598268852e-05,3.08958491676199
"M",1.0812952879327e-05,3.1183211681007
