"Sex","A","B"
"F",1.19063598268852e-05,3.08958491676199
"U",2.29801677850321e-05,2.86035256349239
"M",1.0812952879327e-05,3.1183211681007
